Type,Machine failure,Age at enrollment_mean,Age at enrollment_std,Age at enrollment_min,Age at enrollment_max,Age at enrollment_count,Curricular units 1st sem (grade)_mean,Curricular units 1st sem (grade)_std,Curricular units 1st sem (grade)_min,Curricular units 1st sem (grade)_max,Curricular units 1st sem (grade)_count,Curricular units 2nd sem (grade)_mean,Curricular units 2nd sem (grade)_std,Curricular units 2nd sem (grade)_min,Curricular units 2nd sem (grade)_max,Curricular units 2nd sem (grade)_count,tasa_aprobacion_ano_mean,tasa_aprobacion_ano_std,tasa_aprobacion_ano_min,tasa_aprobacion_ano_max,tasa_aprobacion_ano_count,diferencia_calificaciones_mean,diferencia_calificaciones_std,diferencia_calificaciones_min,diferencia_calificaciones_max,diferencia_calificaciones_count,estabilidad_financiera_mean,estabilidad_financiera_std,estabilidad_financiera_min,estabilidad_financiera_max,estabilidad_financiera_count
Diurno,0,20.470037453183522,2.5477899823230588,18,32,2670,13.142360825088305,1.8420970112925499,0.0,17.39891332072679,2670,12.910528631820402,1.936792684144044,0.0,17.8090086044727,2670,0.7439588906723739,0.1801177225564173,0.0,1.0,2670,-0.23183219326790436,2.2601038275526033,-13.941860692124704,16.615717056405785,2670,0.4389513108614232,0.9338457257581836,-2,2,2670
Diurno,1,25.724489795918366,5.482264192310236,18,44,1274,7.349925781785371,5.012547342758596,0.0,15.167450098497325,1274,5.305841312304112,5.061151606802731,0.0,16.093144463656493,1274,0.21985497495701575,0.1620164149663357,0.0,0.9,1274,-2.0440844694812585,7.24707358143281,-14.631997139487686,13.922963752974304,1274,-0.7959183673469388,0.8020686018257566,-2,2,1274
Vespertino,0,20.217665615141957,2.4064661525833126,18,31,317,13.326659697859187,1.5155128804932,8.278672524467789,18.479956317192205,317,12.905115068576546,1.9313025425338988,0.0,16.91420330651545,317,0.7471721496169446,0.17806169497507085,0.16666666666666666,1.0,317,-0.42154462928264136,2.002853476387513,-13.516772736873174,7.327962824088088,317,0.3627760252365931,0.8846095418028838,-1,2,317
Vespertino,1,26.23926380368098,4.9688341726119525,18,39,163,6.85147873461594,4.992516625792434,0.0,14.209480878082209,163,5.59008302693456,5.012727983910397,0.0,12.94875471316393,163,0.23004674262342972,0.17380332440220822,0.0,0.7,163,-1.2613957076813795,6.56088918026147,-12.928141382405173,12.816665228030036,163,-0.7975460122699386,0.7383624624506733,-2,1,163
