variable,importancia
tasa_aprobacion_ano,0.5476159669806296
estabilidad_financiera,0.1500695880363527
Age at enrollment,0.11611792839105954
Tuition fees up to date,0.10711057335340425
diferencia_calificaciones,0.06299020436675234
Debtor,0.009675225840320576
Scholarship holder,0.004775094293941559
Gender,0.0009535395488955955
tipo_codigo,0.000691879188643753
