{
    "tipo_codigo": {
        "min": 1.0,
        "max": 3.0,
        "mean": 2.8505876064300537,
        "median": 3.0
    },
    "Age at enrollment": {
        "min": 18.0,
        "max": 44.0,
        "mean": 22.17766761779785,
        "median": 21.0
    },
    "Gender": {
        "min": 0.0,
        "max": 1.0,
        "mean": 0.3987341821193695,
        "median": 0.0
    },
    "Scholarship holder": {
        "min": 0.0,
        "max": 1.0,
        "mean": 0.19032549858093262,
        "median": 0.0
    },
    "Debtor": {
        "min": 0.0,
        "max": 1.0,
        "mean": 0.125,
        "median": 0.0
    },
    "Tuition fees up to date": {
        "min": 0.0,
        "max": 1.0,
        "mean": 0.7766727209091187,
        "median": 1.0
    },
    "tasa_aprobacion_ano": {
        "min": 0.0,
        "max": 1.0,
        "mean": 0.5743256211280823,
        "median": 0.625
    },
    "diferencia_calificaciones": {
        "min": -14.631997108459473,
        "max": 16.6157169342041,
        "mean": -0.8052424192428589,
        "median": -0.36154693365097046
    },
    "estabilidad_financiera": {
        "min": -2.0,
        "max": 2.0,
        "mean": 0.0323236882686615,
        "median": 0.0
    }
}